id,path,title,description,created_at
tOmefrvQt7Am,2023_01_LTL3_APX_100/IMG_036.jpg,The muddy path to salvation,,2023-03-25T10:37:46.263778Z
dy9jKj6p2NjO,2023_01_LTL3_APX_100/IMG_032.jpg,From the past season,,2023-03-25T10:37:46.263778Z
KyIF6SKmygeI,2023_01_LTL3_APX_100/IMG_027.jpg,The next adventure,,2023-03-25T10:37:46.263778Z
ydz2gA4m3qch,2023_01_LTL3_APX_100/IMG_023.jpg,Upside down,,2023-03-25T10:37:46.263778Z
h8W2EYM87glv,2023_01_LTL3_APX_100/IMG_020.jpg,The ladder on the wall,,2023-03-25T10:37:46.263778Z
vpcbrn3hzmbj,2023_01_LTL3_APX_100/IMG_018.jpg,House no. 24,,2023-03-25T10:37:46.263778Z
bgWTyRnHuldr,2023_01_LTL3_APX_100/IMG_017.jpg,Now turn left,,2023-03-25T10:37:46.263778Z
7ge7xuOEgELV,2023_01_LTL3_APX_100/IMG_015.jpg,A short life,,2023-03-25T10:37:46.263778Z
H8zOfhQdiwOW,2023_01_LTL3_APX_100/IMG_011.jpg,Inner peace,,2023-03-25T10:37:46.263778Z
fvgKPtesN2DG,2023_01_LTL3_APX_100/IMG_009.jpg,Hey there,,2023-03-25T10:37:46.263778Z
VQLC4lyRRjmP,2023_01_LTL3_APX_100/IMG_006.jpg,Hey you,,2023-03-25T10:37:46.263778Z
lvJ00ckWPLD9,2023_01_LTL3_APX_100/IMG_002.jpg,Oh so shiny,,2023-03-25T10:37:46.263778Z
TKY45xtVSKmX,2022_12_LTL3_APX_100/IMG_036.jpg,Frozen feet,,2023-03-15T16:56:43.717943Z
XoZup8BkrAX7,2022_12_LTL3_APX_100/IMG_031.jpg,Thorny ice,,2023-03-15T16:56:43.717943Z
otVoxpQW2Xeg,2022_12_LTL3_APX_100/IMG_029.jpg,Not my tracks,,2023-03-15T16:56:43.717943Z
BCfvLyVmRtFB,2022_12_LTL3_APX_100/IMG_016.jpg,Stacked,,2023-03-15T16:56:43.717943Z
MbZIwwnZReXI,2022_12_LTL3_APX_100/IMG_015.jpg,Where to now?,,2023-03-15T16:56:43.717943Z
SqT1d0fgLTry,2022_12_LTL3_APX_100/IMG_014.jpg,Sun has set,,2023-03-15T16:56:43.717943Z
ee33Lk8KgRek,2022_12_LTL3_APX_100/IMG_011.jpg,Ice bites,,2023-03-15T16:56:43.717943Z
gwcJOabUonTy,2022_12_LTL3_APX_100/IMG_006.jpg,Flowers and cat,,2023-03-15T16:56:43.717943Z
OgkCpzLcs5m6,2022_12_LTL3_APX_100/IMG_005.jpg,Don't disturb me,,2023-03-15T16:56:43.717943Z
EPP1mYJPV6LL,2022_12_LTL3_APX_100/IMG_003.jpg,Sleeping rose,,2023-03-15T16:56:43.717943Z
5qM0TIfVcpwA,2022_12_LTL3_APX_100/IMG_002.jpg,Hang loose,,2023-03-15T16:56:43.717943Z